{
   "/tag_14" : 
   {
      "rw" : 0.49331166723248226,
      "rx" : 0.51339381825905228,
      "ry" : 0.49396643589508021,
      "rz" : 0.49906667546011468,
      "x" : -2.9793457658861509,
      "y" : -0.059584694817347211,
      "z" : 0.13874618839080807
   },
   "/tag_4" : 
   {
      "rw" : 0.75693767822002844,
      "rx" : 0.65271543354930972,
      "ry" : 0.030894700177776555,
      "rz" : 0.00730969208206236,
      "x" : -1.6461721870935604,
      "y" : 4.5509913678715046,
      "z" : 0.13045693787014553
   }
}